Nombre d'elements;Temps AVL (s);Temps Rouge-Noir (s)
10;0.00000;0.00000
100;0.00000;0.00000
500;0.00000;0.00000
1000;0.00100;0.00000
1500;0.00100;0.00000
